,Name,Latitude,Longitude,International Airport: Name,International Airport: Distance,Train station: Name,Train station: Distance,Nightclub: Name,Nightclub: Distance,Pet grooming: Name,Pet grooming: Distance,Vegan restaurant: Name,Vegan restaurant: Distance,Basketball stadium: Name,Basketball stadium: Distance,Design studio: Name,Design studio: Distance,Daycare: Name,Daycare: Distance,Preschool: Name,Preschool: Distance,High school: Name,High school: Distance
0,Mybandstock,42.2802675,-83.7420579,,,Ann Arbor Station,837,Nightcap,544,BreedAbove,3061,Detroit Street Filling Station,497,Player Development Center,2320,Signs By Tomorrow - Ann Arbor,5750,Little Angels Preschool & Daycare,9979,Fumcn,117,Canton High School,21852
1,Taltopia,34.052187,-118.243425,Los Angeles International Airport (LAX),19233,Angels Flight - Upper Station,737,Monty Bar,2141,Tailwaggers,9085,Guisados,2109,Champions,14037,Silver Screening Room - Pacific Design Center,13233,Murchison Early Education Center,3462,Pinocchio Child Care Center,4977,Palisades Charter High School,26503
2,Social Gaming Network,37.446823,-122.161523,San Francisco International Airport (SFO),27413,Mountain View Caltrain Station,9541,The Ritz,27588,Wag Hotels Redwood City,6997,Sweetgreen,241,Sports House Indoor Sports and Cafe,4915,Facebook Analog Research Laboratory,4275,Love N Care Christian Preschool & Daycare,2846,New Beginnings Preschool,1955,Burlingame High School,22192
3,Modern Feed,34.085749,-118.343791,Los Angeles International Airport (LAX),16797,Angels Flight - Upper Station,9276,The Abbey Food & Bar,3824,Tailwaggers,3238,Veggie Grill,2063,Champions,13474,Silver Screening Room - Pacific Design Center,3511,A Kid's Place,12214,Pinocchio Child Care Center,4994,Palisades Charter High School,17776
4,OVGuide,34.052187,-118.243425,Los Angeles International Airport (LAX),19233,Angels Flight - Upper Station,737,Monty Bar,2141,Tailwaggers,9085,Guisados,2109,Champions,14037,Silver Screening Room - Pacific Design Center,13233,Murchison Early Education Center,3462,Pinocchio Child Care Center,4977,Palisades Charter High School,26503
5,Blip'd,34.0760614,-118.3729534,Los Angeles International Airport (LAX),15023,Angels Flight - Upper Station,11492,The Abbey Food & Bar,1393,The Urban Pet,1757,Crossroads,869,Venice Beach Basketball Courts,13606,Silver Screening Room - Pacific Design Center,1222,A Kid's Place,9703,Pinocchio Child Care Center,7300,Palisades Charter High School,14917
6,GameFly,33.934558,-118.3962622,Los Angeles International Airport (LAX),1358,Angels Flight - Upper Station,18693,Harvelles Blues Club,12771,Healthy Spot,6381,Veggie Grill,3139,Champions,5183,Silver Screening Room - Pacific Design Center,16680,A Kid's Place,8407,Lily Pad Preschool,6842,Palisades Charter High School,17646
7,Creative Artists Agency,34.0586832,-118.4158174,Los Angeles International Airport (LAX),12811,Angels Flight - Upper Station,15150,The Abbey Food & Bar,3930,The Urban Pet,6032,Ladurée Beverly Hills,1766,Venice Beach Basketball Courts,9645,Silver Screening Room - Pacific Design Center,4217,A Kid's Place,6267,Little Village Nursery School,4360,Palisades Charter High School,10700
8,MeDeploy,34.1395597,-118.3870991,Los Angeles International Airport (LAX),21837,Angels Flight - Upper Station,15803,The Abbey Food & Bar,6245,Sam's Green Paw,568,H.O.P.E. Healthy Organic Positive Eating,632,Venice Beach Basketball Courts,18811,Silver Screening Room - Pacific Design Center,6171,Child's World School,13640,ABC Little School,1187,Ramón C. Cortines School of Visual and Performing Arts,15889
9,RotoHog,33.959799,-118.343938,Los Angeles International Airport (LAX),6001,Angels Flight - Upper Station,13357,Monty Bar,12450,Healthy Spot,8943,Earle's on Crenshaw,6262,Champions,1032,Silver Screening Room - Pacific Design Center,14258,A Kid's Place,9522,Lily Pad Preschool,8763,Palisades Charter High School,19800
10,hulu,34.031276,-118.456806,Los Angeles International Airport (LAX),10798,Angels Flight - Upper Station,19055,Harvelles Blues Club,3878,The Wags Club,439,The Butcher's Daughter,4554,Venice Beach Basketball Courts,5252,Silver Screening Room - Pacific Design Center,9062,Beth Shir Sholom,2689,Little Village Nursery School,762,Palisades Charter High School,7077
11,Sceneclips,34.05438,-118.26728,Los Angeles International Airport (LAX),17743,Angels Flight - Upper Station,1476,Monty Bar,300,Tailwaggers,7372,Guisados,2349,Champions,12733,Silver Screening Room - Pacific Design Center,11058,Murchison Early Education Center,5672,Pinocchio Child Care Center,2871,Palisades Charter High School,24313
12,GoGo Lingo,34.052187,-118.243425,Los Angeles International Airport (LAX),19233,Angels Flight - Upper Station,737,Monty Bar,2141,Tailwaggers,9085,Guisados,2109,Champions,14037,Silver Screening Room - Pacific Design Center,13233,Murchison Early Education Center,3462,Pinocchio Child Care Center,4977,Palisades Charter High School,26503
13,Silvatar Media,34.1036353,-118.293316,Los Angeles International Airport (LAX),20586,Angels Flight - Upper Station,6879,Monty Bar,6267,Tailwaggers,2290,The Punchbowl,187,Champions,16395,Silver Screening Room - Pacific Design Center,8433,Murchison Early Education Center,10029,La Family School,2030,Palisades Charter High School,22776
14,Fandango,34.031646,-118.455352,Los Angeles International Airport (LAX),10778,Angels Flight - Upper Station,18918,Harvelles Blues Club,4016,The Wags Club,306,The Butcher's Daughter,4628,Venice Beach Basketball Courts,5330,Silver Screening Room - Pacific Design Center,8934,Beth Shir Sholom,2822,Little Village Nursery School,637,Palisades Charter High School,7197
15,PlayerAuctions,34.052187,-118.243425,Los Angeles International Airport (LAX),19233,Angels Flight - Upper Station,737,Monty Bar,2141,Tailwaggers,9085,Guisados,2109,Champions,14037,Silver Screening Room - Pacific Design Center,13233,Murchison Early Education Center,3462,Pinocchio Child Care Center,4977,Palisades Charter High School,26503
16,Revver,34.052187,-118.243425,Los Angeles International Airport (LAX),19233,Angels Flight - Upper Station,737,Monty Bar,2141,Tailwaggers,9085,Guisados,2109,Champions,14037,Silver Screening Room - Pacific Design Center,13233,Murchison Early Education Center,3462,Pinocchio Child Care Center,4977,Palisades Charter High School,26503
17,SportsGenie,34.0522,-118.2429,Los Angeles International Airport (LAX),19272,Angels Flight - Upper Station,785,Monty Bar,2189,Tailwaggers,9121,Guisados,2123,Champions,14073,Silver Screening Room - Pacific Design Center,13279,Murchison Early Education Center,3414,Pinocchio Child Care Center,5022,Palisades Charter High School,26551
18,WebbAlert,34.052187,-118.243425,Los Angeles International Airport (LAX),19233,Angels Flight - Upper Station,737,Monty Bar,2141,Tailwaggers,9085,Guisados,2109,Champions,14037,Silver Screening Room - Pacific Design Center,13233,Murchison Early Education Center,3462,Pinocchio Child Care Center,4977,Palisades Charter High School,26503
19,Stickam,34.051409,-118.254558,Los Angeles International Airport (LAX),18389,Angels Flight - Upper Station,306,Monty Bar,1116,Tailwaggers,8399,Guisados,2129,Champions,13253,Silver Screening Room - Pacific Design Center,12274,Murchison Early Education Center,4481,Pinocchio Child Care Center,4062,Palisades Charter High School,25476
20,FanPrice,38.233786,-122.636071,,,SMART Station Petaluma,403,Sonoma Wine Shop,21380,Petaluma Pet Groomer,568,East West Cafe,24578,,,Dreamers and Heroes Weddings and Events,17651,Learning To Learn Preschool & Child Care Center,13413,Willow Tree School,1064,"Petaluma School District, Petaluma High School",1163
21,Tubefilter,34.070436,-118.350486,Los Angeles International Airport (LAX),14987,Angels Flight - Upper Station,9337,The Abbey Food & Bar,3508,The Urban Pet,728,Veggie Grill,1019,Champions,11746,Silver Screening Room - Pacific Design Center,3270,A Kid's Place,10559,Pinocchio Child Care Center,5178,Palisades Charter High School,16837
22,MovieFlix,34.070146,-118.365526,Los Angeles International Airport (LAX),14541,Angels Flight - Upper Station,10687,The Abbey Food & Bar,2336,The Urban Pet,1276,Veggie Grill,583,Venice Beach Basketball Courts,13619,Silver Screening Room - Pacific Design Center,2169,A Kid's Place,9593,Pinocchio Child Care Center,6558,Palisades Charter High School,15464
23,Tubefilter,34.070436,-118.350486,Los Angeles International Airport (LAX),14987,Angels Flight - Upper Station,9337,The Abbey Food & Bar,3508,The Urban Pet,728,Veggie Grill,1019,Champions,11746,Silver Screening Room - Pacific Design Center,3270,A Kid's Place,10559,Pinocchio Child Care Center,5178,Palisades Charter High School,16837
24,NEHST Studios,40.75451,-73.992193,John F. Kennedy International Airport (JFK),21298,Moynihan Train Hall,448,Birdland,540,BeastyFeast,1850,Sweetgreen,1829,Stuyvesant Town Basketball Courts,2676,Rivington Design House,3766,Pierce Country Day School Camp,28755,Williamsburg Northside Preschool,5074,Fiorello H. LaGuardia High School,2253
25,Cinelan,40.720699,-73.998107,John F. Kennedy International Airport (JFK),19855,Moynihan Train Hall,3385,The Up and Up,1028,BeastyFeast,2242,Metrograph,869,Stuyvesant Town Basketball Courts,2038,Rivington Design House,211,Chinatown Day Care Center,771,Williamsburg Northside Preschool,3353,Fiorello H. LaGuardia High School,6030
26,Fotohoo,40.756054,-73.986951,John F. Kennedy International Airport (JFK),21036,Moynihan Train Hall,874,Birdland,393,BeastyFeast,2248,Sweetgreen,2031,Stuyvesant Town Basketball Courts,2698,Rivington Design House,3994,Pierce Country Day School Camp,28292,Williamsburg Northside Preschool,4992,Fiorello H. LaGuardia High School,2006
27,Robotgalaxy,40.737216,-73.990947,John F. Kennedy International Airport (JFK),20174,Moynihan Train Hall,1576,Village Vanguard,900,BeastyFeast,1143,Sweetgreen,96,Stuyvesant Town Basketball Courts,1100,Rivington Design House,1875,Pierce Country Day School Camp,29018,Williamsburg Northside Preschool,3557,Fiorello H. LaGuardia High School,4123
28,Kidos,40.768058,-73.956599,John F. Kennedy International Airport (JFK),19913,Moynihan Train Hall,3742,As Is NYC,2976,BeastyFeast,5027,Sweetgreen,4427,Rucker Park Basketball Courts,7040,Rivington Design House,6201,Pierce Country Day School Camp,25578,Williamsburg Northside Preschool,5724,Fiorello H. LaGuardia High School,2482
29,For Your Imagination,40.744594,-73.989698,John F. Kennedy International Airport (JFK),20512,Moynihan Train Hall,846,Birdland,1597,BeastyFeast,1280,Sweetgreen,737,Stuyvesant Town Basketball Courts,1601,Rivington Design House,2699,Pierce Country Day School Camp,28743,Williamsburg Northside Preschool,4065,Fiorello H. LaGuardia High School,3296
30,Pilotlite,40.7166822,-74.005398,John F. Kennedy International Airport (JFK),20234,Moynihan Train Hall,3920,The Up and Up,1509,BeastyFeast,2638,Metrograph,1224,Stuyvesant Town Basketball Courts,2796,Rivington Design House,939,Chinatown Day Care Center,865,Williamsburg Northside Preschool,3936,Fiorello H. LaGuardia High School,6601
31,Vroengard Academy,40.765283,-73.982007,John F. Kennedy International Airport (JFK),21326,Moynihan Train Hall,1920,As Is NYC,816,BeastyFeast,3321,Sweetgreen,3122,Rucker Park Basketball Courts,8103,Rivington Design House,5083,Pierce Country Day School Camp,27738,Williamsburg Northside Preschool,5759,Fiorello H. LaGuardia High School,1006
32,Marvel Entertainment,40.750576,-73.982713,John F. Kennedy International Airport (JFK),20393,Moynihan Train Hall,1034,Birdland,1098,BeastyFeast,2109,Sweetgreen,1564,Stuyvesant Town Basketball Courts,2034,Rivington Design House,3491,Pierce Country Day School Camp,28041,Williamsburg Northside Preschool,4287,Fiorello H. LaGuardia High School,2615
33,Soundwalk,40.722266,-73.999044,John F. Kennedy International Airport (JFK),20000,Moynihan Train Hall,3218,The Up and Up,843,BeastyFeast,2055,Metrograph,1052,Stuyvesant Town Basketball Courts,1996,Rivington Design House,337,Chinatown Day Care Center,960,Williamsburg Northside Preschool,3459,Fiorello H. LaGuardia High School,5874
34,Gawkk,40.778635,-73.984438,John F. Kennedy International Airport (JFK),22437,Moynihan Train Hall,3189,As Is NYC,1665,BeastyFeast,4552,Sweetgreen,4544,Rucker Park Basketball Courts,6947,Rivington Design House,6504,Pierce Country Day School Camp,27802,Williamsburg Northside Preschool,7230,Fiorello H. LaGuardia High School,511
35,InChairTV,40.80405,-73.952833,John F. Kennedy International Airport (JFK),22641,Moynihan Train Hall,6873,Sugar Monk,548,BeastyFeast,8275,Peacefood Cafe,2913,Rucker Park Basketball Courts,3149,Rivington Design House,9935,Pierce Country Day School Camp,25099,Williamsburg Northside Preschool,9733,Fiorello H. LaGuardia High School,4294
36,FremantleMedia Ventures,40.7439449,-73.9855424,John F. Kennedy International Airport (JFK),20179,Moynihan Train Hall,1122,Birdland,1704,BeastyFeast,1592,Sweetgreen,810,Stuyvesant Town Basketball Courts,1376,Rivington Design House,2716,Pierce Country Day School Camp,28415,Williamsburg Northside Preschool,3791,Fiorello H. LaGuardia High School,3345
37,My Damn Channel,40.754762,-73.988543,John F. Kennedy International Airport (JFK),21062,Moynihan Train Hall,680,Birdland,475,BeastyFeast,2052,Sweetgreen,1869,Stuyvesant Town Basketball Courts,2595,Rivington Design House,3829,Pierce Country Day School Camp,28447,Williamsburg Northside Preschool,4933,Fiorello H. LaGuardia High School,2163
38,Spill,40.72616,-74.006023,John F. Kennedy International Airport (JFK),20717,Moynihan Train Hall,2919,The Up and Up,609,BeastyFeast,1592,Sweetgreen,522,Stuyvesant Town Basketball Courts,2339,Rivington Design House,1066,West Village Nursery S,1293,Williamsburg Northside Preschool,4128,Fiorello H. LaGuardia High School,5607
39,GigMaven,40.724289,-73.980587,John F. Kennedy International Airport (JFK),18711,Moynihan Train Hall,3213,Brouwerij Lane,2012,BeastyFeast,2654,Metrograph,1356,Stuyvesant Town Basketball Courts,909,Rivington Design House,1325,Pierce Country Day School Camp,28533,Williamsburg Northside Preschool,2035,Fiorello H. LaGuardia High School,5542
40,Kidos,40.768058,-73.956599,John F. Kennedy International Airport (JFK),19913,Moynihan Train Hall,3742,As Is NYC,2976,BeastyFeast,5027,Sweetgreen,4427,Rucker Park Basketball Courts,7040,Rivington Design House,6201,Pierce Country Day School Camp,25578,Williamsburg Northside Preschool,5724,Fiorello H. LaGuardia High School,2482
41,South Park Studios,40.766332,-73.981828,John F. Kennedy International Airport (JFK),21387,Moynihan Train Hall,2025,As Is NYC,849,BeastyFeast,3427,Sweetgreen,3239,Rucker Park Basketball Courts,7993,Rivington Design House,5200,Pierce Country Day School Camp,27709,Williamsburg Northside Preschool,5863,Fiorello H. LaGuardia High School,898
42,Joost,40.7464969,-74.0094471,John F. Kennedy International Airport (JFK),22039,Moynihan Train Hall,1318,Village Vanguard,1348,BeastyFeast,824,Sweetgreen,1798,Stuyvesant Town Basketball Courts,2966,Rivington Design House,3093,West Village Nursery S,1016,Williamsburg Northside Preschool,5417,Fiorello H. LaGuardia High School,3688
43,Comixology,40.740512,-73.987794,John F. Kennedy International Airport (JFK),20135,Moynihan Train Hall,1320,Village Vanguard,1261,BeastyFeast,1353,Sweetgreen,396,Stuyvesant Town Basketball Courts,1137,Rivington Design House,2296,Pierce Country Day School Camp,28679,Williamsburg Northside Preschool,3618,Fiorello H. LaGuardia High School,3734
44,Film Annex,40.7464969,-74.0094471,John F. Kennedy International Airport (JFK),22039,Moynihan Train Hall,1318,Village Vanguard,1348,BeastyFeast,824,Sweetgreen,1798,Stuyvesant Town Basketball Courts,2966,Rivington Design House,3093,West Village Nursery S,1016,Williamsburg Northside Preschool,5417,Fiorello H. LaGuardia High School,3688
45,Livestream,40.726155,-73.995625,John F. Kennedy International Airport (JFK),19931,Moynihan Train Hall,2769,The Up and Up,578,BeastyFeast,1728,Metrograph,1298,Stuyvesant Town Basketball Courts,1526,Rivington Design House,604,Pierce Country Day School Camp,29697,Williamsburg Northside Preschool,3290,Fiorello H. LaGuardia High School,5396
46,Pando Networks,40.722655,-73.99873,John F. Kennedy International Airport (JFK),19995,Moynihan Train Hall,3173,The Up and Up,805,BeastyFeast,2018,Metrograph,1069,Stuyvesant Town Basketball Courts,1950,Rivington Design House,340,Chinatown Day Care Center,994,Williamsburg Northside Preschool,3441,Fiorello H. LaGuardia High School,5826
47,Exent,40.7523796,-74.005568,John F. Kennedy International Airport (JFK),22104,Moynihan Train Hall,902,Birdland,1529,BeastyFeast,1339,Sweetgreen,1997,Stuyvesant Town Basketball Courts,3119,Rivington Design House,3617,Pierce Country Day School Camp,29904,Williamsburg Northside Preschool,5606,Fiorello H. LaGuardia High School,2965
48,GameGround,40.756054,-73.986951,John F. Kennedy International Airport (JFK),21036,Moynihan Train Hall,874,Birdland,393,BeastyFeast,2248,Sweetgreen,2031,Stuyvesant Town Basketball Courts,2698,Rivington Design House,3994,Pierce Country Day School Camp,28292,Williamsburg Northside Preschool,4992,Fiorello H. LaGuardia High School,2006
49,Yoostar,40.756054,-73.986951,John F. Kennedy International Airport (JFK),21036,Moynihan Train Hall,874,Birdland,393,BeastyFeast,2248,Sweetgreen,2031,Stuyvesant Town Basketball Courts,2698,Rivington Design House,3994,Pierce Country Day School Camp,28292,Williamsburg Northside Preschool,4992,Fiorello H. LaGuardia High School,2006
50,[212]Media,40.743877,-73.98618,John F. Kennedy International Airport (JFK),20220,Moynihan Train Hall,1090,Birdland,1701,BeastyFeast,1538,Sweetgreen,773,Stuyvesant Town Basketball Courts,1390,Rivington Design House,2693,Pierce Country Day School Camp,28469,Williamsburg Northside Preschool,3818,Fiorello H. LaGuardia High School,3354
51,Saavn,40.743877,-73.98618,John F. Kennedy International Airport (JFK),20220,Moynihan Train Hall,1090,Birdland,1701,BeastyFeast,1538,Sweetgreen,773,Stuyvesant Town Basketball Courts,1390,Rivington Design House,2693,Pierce Country Day School Camp,28469,Williamsburg Northside Preschool,3818,Fiorello H. LaGuardia High School,3354
52,Moogi,40.7217861,-74.0094471,John F. Kennedy International Airport (JFK),20774,Moynihan Train Hall,3474,The Up and Up,1159,BeastyFeast,2120,Metrograph,1724,Stuyvesant Town Basketball Courts,2785,Rivington Design House,1172,Westfield Area Y,29994,Williamsburg Northside Preschool,4316,Fiorello H. LaGuardia High School,6161
53,JumpTV,40.705898,-74.011398,John F. Kennedy International Airport (JFK),20271,Moynihan Train Hall,5206,The Royal Palms Shuffleboard Club,3652,BeastyFeast,3885,Sweetgreen,264,Stuyvesant Town Basketball Courts,3989,Rivington Design House,2117,Westfield Area Y,29418,Williamsburg Northside Preschool,4597,Fiorello H. LaGuardia High School,7892
54,Cellufun,40.73993,-73.9930489,John F. Kennedy International Airport (JFK),20480,Moynihan Train Hall,1248,Village Vanguard,838,BeastyFeast,912,Sweetgreen,258,Stuyvesant Town Basketball Courts,1412,Rivington Design House,2146,Pierce Country Day School Camp,29126,Williamsburg Northside Preschool,3888,Fiorello H. LaGuardia High School,3851
55,SpiralFrog,37.09024,-95.712891,,,Union Pacific Railroad Co.,9378,Caesar's Dance Hall,8235,The Pet Shop,12576,,,,,Bamajr,11094,Pirate Cove Academy Childcare,11773,Head Start,14388,Field Kindley High School,9237
56,OMGPOP,40.723384,-74.001704,John F. Kennedy International Airport (JFK),20256,Moynihan Train Hall,3128,The Up and Up,715,BeastyFeast,1899,Metrograph,1294,Stuyvesant Town Basketball Courts,2123,Rivington Design House,593,Chinatown Day Care Center,1158,Williamsburg Northside Preschool,3703,Fiorello H. LaGuardia High School,5802
57,SwitchGames,40.7297485,-73.9867361,John F. Kennedy International Airport (JFK),19455,Moynihan Train Hall,2469,Village Vanguard,1422,BeastyFeast,1865,Sweetgreen,998,Stuyvesant Town Basketball Courts,678,Rivington Design House,1250,Pierce Country Day School Camp,28871,Williamsburg Northside Preschool,2781,Fiorello H. LaGuardia High School,4924
58,Crispy Gamer,40.750597,-73.985273,John F. Kennedy International Airport (JFK),20571,Moynihan Train Hall,819,Birdland,999,BeastyFeast,1932,Sweetgreen,1480,Stuyvesant Town Basketball Courts,2076,Rivington Design House,3432,Pierce Country Day School Camp,28253,Williamsburg Northside Preschool,4395,Fiorello H. LaGuardia High School,2606
59,MindSmack,40.758492,-73.989987,John F. Kennedy International Airport (JFK),21402,Moynihan Train Hall,926,Birdland,61,BeastyFeast,2325,Sweetgreen,2272,Stuyvesant Town Basketball Courts,3027,Rivington Design House,4224,Pierce Country Day School Camp,28504,Williamsburg Northside Preschool,5353,Fiorello H. LaGuardia High School,1778
60,Vimeo,40.7453721,-74.0078293,John F. Kennedy International Airport (JFK),21858,Moynihan Train Hall,1252,Village Vanguard,1173,BeastyFeast,645,Sweetgreen,1617,Stuyvesant Town Basketball Courts,2785,Rivington Design House,2927,West Village Nursery S,860,Williamsburg Northside Preschool,5233,Fiorello H. LaGuardia High School,3720
61,Jango,40.757929,-73.985506,John F. Kennedy International Airport (JFK),21061,Moynihan Train Hall,1103,Birdland,364,BeastyFeast,2486,Sweetgreen,2259,Stuyvesant Town Basketball Courts,2878,Rivington Design House,4221,Pierce Country Day School Camp,28140,Williamsburg Northside Preschool,5121,Fiorello H. LaGuardia High School,1791
62,Motionbox,40.606061,-73.822331,John F. Kennedy International Airport (JFK),5381,Moynihan Train Hall,21711,Indoors at Nowadays,11734,BeastyFeast,21376,Trinciti Roti Shop & Restaurant,8251,Rucker Park Basketball Courts,26635,Rivington Design House,19381,Friedberg JCC,15902,Williamsburg Northside Preschool,16819,Townsend Harris High S,14310
63,Dotsub,40.7680901,-73.9566761,John F. Kennedy International Airport (JFK),19920,Moynihan Train Hall,3738,As Is NYC,2970,BeastyFeast,5024,Sweetgreen,4426,Rucker Park Basketball Courts,7038,Rivington Design House,6201,Pierce Country Day School Camp,25584,Williamsburg Northside Preschool,5727,Fiorello H. LaGuardia High School,2474
64,WeShow,40.752516,-73.973072,John F. Kennedy International Airport (JFK),19862,Moynihan Train Hall,1852,Birdland,1566,BeastyFeast,2921,Sweetgreen,2217,Stuyvesant Town Basketball Courts,2296,Rivington Design House,4010,Pierce Country Day School Camp,27204,Williamsburg Northside Preschool,4174,Fiorello H. LaGuardia High School,2595
65,Major League Gaming,40.752672,-73.97593,John F. Kennedy International Airport (JFK),20066,Moynihan Train Hall,1614,Birdland,1347,BeastyFeast,2718,Sweetgreen,2072,Stuyvesant Town Basketball Courts,2269,Rivington Design House,3918,Pierce Country Day School Camp,27438,Williamsburg Northside Preschool,4267,Fiorello H. LaGuardia High School,2495
66,CollegeClickTV,40.7495594,-73.9916617,John F. Kennedy International Airport (JFK),20952,Moynihan Train Hall,326,Birdland,1059,BeastyFeast,1446,Sweetgreen,1278,Stuyvesant Town Basketball Courts,2161,Rivington Design House,3222,Pierce Country Day School Camp,28803,Williamsburg Northside Preschool,4599,Fiorello H. LaGuardia High School,2778
67,Qtrax,40.748641,-73.981947,John F. Kennedy International Airport (JFK),20217,Moynihan Train Hall,1130,Birdland,1316,BeastyFeast,2060,Sweetgreen,1411,Stuyvesant Town Basketball Courts,1812,Rivington Design House,3309,Pierce Country Day School Camp,28017,Williamsburg Northside Preschool,4067,Fiorello H. LaGuardia High School,2835
68,Gawker Media,40.757929,-73.985506,John F. Kennedy International Airport (JFK),21061,Moynihan Train Hall,1103,Birdland,364,BeastyFeast,2486,Sweetgreen,2259,Stuyvesant Town Basketball Courts,2878,Rivington Design House,4221,Pierce Country Day School Camp,28140,Williamsburg Northside Preschool,5121,Fiorello H. LaGuardia High School,1791
69,RayV,40.781159,-73.978332,John F. Kennedy International Airport (JFK),22243,Moynihan Train Hall,3625,As Is NYC,2147,BeastyFeast,5013,Peacefood Cafe,470,Rucker Park Basketball Courts,6426,Rivington Design House,6872,Pierce Country Day School Camp,27272,Williamsburg Northside Preschool,7366,Fiorello H. LaGuardia High School,969
70,Boonty,40.717248,-74.002662,John F. Kennedy International Airport (JFK),20047,Moynihan Train Hall,3813,The Up and Up,1402,BeastyFeast,2574,Metrograph,1010,Stuyvesant Town Basketball Courts,2579,Rivington Design House,708,Chinatown Day Care Center,685,Williamsburg Northside Preschool,3706,Fiorello H. LaGuardia High School,6484
71,Paramount Pictures,40.7577017,-73.9858165,John F. Kennedy International Airport (JFK),21067,Moynihan Train Hall,1067,Birdland,349,BeastyFeast,2450,Sweetgreen,2229,Stuyvesant Town Basketball Courts,2857,Rivington Design House,4191,Pierce Country Day School Camp,28170,Williamsburg Northside Preschool,5110,Fiorello H. LaGuardia High School,1817
72,Booyah,37.420728,-122.2103414,San Francisco International Airport (SFO),26777,Mountain View Caltrain Station,12188,The Swingin' Door,16127,Wag Hotels Redwood City,7791,Sweetgreen,5108,Sports House Indoor Sports and Cafe,6246,Facebook Analog Research Laboratory,8858,The Creative Learning Loft,5716,New Beginnings Preschool,3470,Burlingame High School,21599
73,GotGame,37.77772,-122.395785,San Francisco International Airport (SFO),17902,2nd & King MUNI Metro Station,532,Oasis,1758,Pet Food Express,4567,Sweetgreen,1089,Berry Basketball Courts,672,BoxShop,5229,Apple Tree Children's Center,1438,Apple Tree Preschool,826,St Ignatius College Preparatory School,9379
74,Mondo Media,37.764169,-122.402021,San Francisco International Airport (SFO),16433,MUNI Metro Stop - 3rd & 20th St,1237,Oasis,1391,Pet Food Express,4670,Sweetgreen,2583,Berry Basketball Courts,932,BoxShop,4103,Apple Tree Children's Center,1143,Presidio Knolls School,1431,St Ignatius College Preparatory School,8422
75,Fliggo,37.775196,-122.419204,San Francisco International Airport (SFO),17831,Van Ness Station,11,Oasis,553,Pet Food Express,2741,Sweetgreen,2249,Berry Basketball Courts,1903,BoxShop,5983,Love & Learn Nursery School,438,Presidio Knolls School,538,St Ignatius College Preparatory School,7371
76,Heyzap,37.7905538,-122.4041485,San Francisco International Airport (SFO),19371,Cable Car Stop Stockton & California,353,Oasis,2256,Pet Food Express,3720,Sweetgreen,606,Berry Basketball Courts,2142,BoxShop,6819,Bright Horizons at 1700 Montgomery Street,1634,Seabird Preschool,803,St Ignatius College Preparatory School,9334
77,Sticher,37.8093381,-122.4166061,San Francisco International Airport (SFO),21557,F- Streetcar First Stop- Beach & Jones,225,Oasis,4159,Pet Food Express,3570,Sweetgreen,2916,Berry Basketball Courts,4470,BoxShop,9163,Bright Horizons at 1700 Montgomery Street,1134,Seabird Preschool,1556,St Ignatius College Preparatory School,9742
78,Unity Technologies,55.6924605,12.530107,,,Copenhagen Central Station (ZGH) (Københavns Hovedbanegård),3128,Culture Box,3434,Trenddog,3183,Baka D’Busk,1219,StreetMekka,3474,Studio Arhoj,3153,Diakonissens Børnehus Marthagården,1701,Grønnebakken,1286,VUF Lollandsvej,764
79,Indee,37.8053241,-122.4052761,San Francisco International Airport (SFO),21015,MUNI Metro Stop - Embarcadero & Bay,189,Oasis,3794,Pet Food Express,4118,Sweetgreen,2090,Berry Basketball Courts,3768,BoxShop,8403,Bright Horizons at 1700 Montgomery Street,45,Seabird Preschool,931,St Ignatius College Preparatory School,10189
80,SonicLiving,37.8448035,-122.290897,San Francisco International Airport (SFO),26712,Emeryville Amtrak,489,Sláinte,5568,Wag Hotels Oakland,6149,Sweetgreen,3776,Berry Basketball Courts,12406,BoxShop,14512,The Model School Comprehensive,2836,Guidepost Montessori at Emeryville,83,St Ignatius College Preparatory School,20960
81,TubeSpree,37.781386,-122.421406,San Francisco International Airport (SFO),18541,Van Ness Station,704,Oasis,1214,Pet Food Express,2288,Sweetgreen,2103,Berry Basketball Courts,2315,BoxShop,6646,Love & Learn Nursery School,1082,Montessori House Of Children,468,St Ignatius College Preparatory School,7512
82,Overstream,37.791391,-122.402859,San Francisco International Airport (SFO),19455,Cable Car Stop Stockton & California,423,Oasis,2387,Pet Food Express,3842,Sweetgreen,590,Berry Basketball Courts,2207,BoxShop,6868,Bright Horizons at 1700 Montgomery Street,1549,Seabird Preschool,775,St Ignatius College Preparatory School,9479
83,Brightstorm,37.804619,-122.371203,San Francisco International Airport (SFO),20921,MUNI Metro Stop - Embarcadero & Folsom,2253,Oasis,5252,Pet Food Express,6868,Sweetgreen,3085,Berry Basketball Courts,4326,BoxShop,7954,Bright Horizons at 1700 Montgomery Street,2947,Seabird Preschool,3317,St Ignatius College Preparatory School,12620
84,Rupture,37.783898,-122.395234,San Francisco International Airport (SFO),18586,2nd & King MUNI Metro Station,671,Oasis,2146,Pet Food Express,4503,Sweetgreen,478,Berry Basketball Courts,1352,BoxShop,5869,Apple Tree Children's Center,1881,Apple Tree Preschool,1163,St Ignatius College Preparatory School,9688
85,Crunchyroll,37.781265,-122.393229,San Francisco International Airport (SFO),18288,2nd & King MUNI Metro Station,342,Oasis,2130,Pet Food Express,4712,Sweetgreen,818,Berry Basketball Courts,1118,BoxShop,5540,Apple Tree Children's Center,1831,Apple Tree Preschool,1151,St Ignatius College Preparatory School,9733
86,Mevio,37.782263,-122.392142,San Francisco International Airport (SFO),18396,2nd & King MUNI Metro Station,363,Oasis,2268,Pet Food Express,4792,Sweetgreen,796,Berry Basketball Courts,1257,BoxShop,5623,Apple Tree Children's Center,1972,Apple Tree Preschool,1285,St Ignatius College Preparatory School,9864
87,DanceJam,37.781557,-122.407959,San Francisco International Airport (SFO),18404,Cable Car Stop Mason & California,1132,Oasis,1209,Pet Food Express,3431,Sweetgreen,1035,Berry Basketball Courts,1387,BoxShop,6040,Apple Tree Children's Center,1084,Apple Tree Preschool,567,St Ignatius College Preparatory School,8565
88,Kongregate,37.786942,-122.401245,San Francisco International Airport (SFO),18952,Embarcadero MUNI Metro Station,784,Oasis,2029,Pet Food Express,3959,Sweetgreen,231,Berry Basketball Courts,1695,BoxShop,6354,Apple Tree Children's Center,1847,Apple Tree Preschool,1161,St Ignatius College Preparatory School,9362
89,IODA,37.780134,-122.396744,San Francisco International Airport (SFO),18174,2nd & King MUNI Metro Station,587,Oasis,1800,Pet Food Express,4428,Sweetgreen,809,Berry Basketball Courts,919,BoxShop,5510,Apple Tree Children's Center,1506,Apple Tree Preschool,818,St Ignatius College Preparatory School,9400
90,PlayFirst,37.790346,-122.40185,San Francisco International Airport (SFO),19333,Embarcadero MUNI Metro Station,531,Oasis,2323,Pet Food Express,3919,Sweetgreen,444,Berry Basketball Courts,2077,BoxShop,6729,Bright Horizons at 1700 Montgomery Street,1676,Seabird Preschool,921,St Ignatius College Preparatory School,9497
91,Metacafe,37.437328,-122.159928,San Francisco International Airport (SFO),28251,Mountain View Caltrain Station,8811,The Ritz,26983,Wag Hotels Redwood City,7859,Sweetgreen,824,Sports House Indoor Sports and Cafe,5771,Facebook Analog Research Laboratory,5277,Love N Care Christian Preschool & Daycare,2408,Bing Nursery School,1675,Burlingame High School,23022
92,hi5,37.788668,-122.400558,San Francisco International Airport (SFO),19139,Embarcadero MUNI Metro Station,588,Oasis,2221,Pet Food Express,4021,Sweetgreen,230,Berry Basketball Courts,1876,BoxShop,6515,Bright Horizons at 1700 Montgomery Street,1879,Seabird Preschool,1139,St Ignatius College Preparatory School,9505
93,blinkx,37.793819,-122.395089,San Francisco International Airport (SFO),19688,Embarcadero MUNI Metro Station,178,Oasis,2965,Pet Food Express,4555,Sweetgreen,792,Berry Basketball Courts,2447,BoxShop,6932,Bright Horizons at 1700 Montgomery Street,1528,Seabird Preschool,1176,St Ignatius College Preparatory School,10204
94,CastTV,37.780716,-122.393913,San Francisco International Airport (SFO),18229,2nd & King MUNI Metro Station,363,Oasis,2048,Pet Food Express,4662,Sweetgreen,837,Berry Basketball Courts,1040,BoxShop,5497,Apple Tree Children's Center,1747,Apple Tree Preschool,1071,St Ignatius College Preparatory School,9654
95,Revision3,37.757758,-122.388243,San Francisco International Airport (SFO),15668,MUNI Metro Stop - 3rd & 20th St,346,Oasis,2789,Pet Food Express,6073,Besharam,414,Berry Basketball Courts,1788,BoxShop,2916,Apple Tree Children's Center,2513,Mission Kids Co-Op,2548,St Ignatius College Preparatory School,9499
96,Ustream,37.392936,-122.07948,Norman Y. Mineta San Jose International Airport (SJC),13702,Mountain View Caltrain Station,282,Alberto's Night Club,88,Wag Hotels Redwood City,16381,Sweetgreen,269,Sports House Indoor Sports and Cafe,14307,Facebook Analog Research Laboratory,11858,The Children's Pre-School Center,3717,Safari Kid,847,Saint Francis High School,2611
97,Kyte,37.788482,-122.409173,San Francisco International Airport (SFO),19181,Cable Car Stop Mason & California,362,Oasis,1894,Pet Food Express,3265,Sweetgreen,935,Berry Basketball Courts,2089,BoxShop,6778,Love & Learn Nursery School,1789,Seabird Preschool,974,St Ignatius College Preparatory School,8837
98,Curse,37.787092,-122.399972,San Francisco International Airport (SFO),18961,Embarcadero MUNI Metro Station,720,Oasis,2108,Pet Food Express,4071,Sweetgreen,118,Berry Basketball Courts,1696,BoxShop,6333,Apple Tree Children's Center,1913,Apple Tree Preschool,1214,St Ignatius College Preparatory School,9468
99,Outspark,37.775196,-122.419204,San Francisco International Airport (SFO),17831,Van Ness Station,11,Oasis,553,Pet Food Express,2741,Sweetgreen,2249,Berry Basketball Courts,1903,BoxShop,5983,Love & Learn Nursery School,438,Presidio Knolls School,538,St Ignatius College Preparatory School,7371
100,Zynga,37.765158,-122.404234,San Francisco International Airport (SFO),16559,MUNI Metro Stop - 3rd & 20th St,1456,Oasis,1171,Pet Food Express,4447,Sweetgreen,2505,Berry Basketball Courts,932,BoxShop,4303,Apple Tree Children's Center,937,Presidio Knolls School,1217,St Ignatius College Preparatory School,8257
101,Viddyou,37.775196,-122.419204,San Francisco International Airport (SFO),17831,Van Ness Station,11,Oasis,553,Pet Food Express,2741,Sweetgreen,2249,Berry Basketball Courts,1903,BoxShop,5983,Love & Learn Nursery School,438,Presidio Knolls School,538,St Ignatius College Preparatory School,7371
102,plaYce,37.80204,-122.438231,San Francisco International Airport (SFO),21075,Powell-Hyde Cable Car Stop North Point,1601,Oasis,3943,Pet Food Express,1774,Greens Restaurant,739,Berry Basketball Courts,4871,BoxShop,9372,Marina Children's Center,608,Chibi Chan Too,2181,St Ignatius College Preparatory School,7856
103,Shattered Reality Interactive,37.783046,-122.394067,San Francisco International Airport (SFO),18488,2nd & King MUNI Metro Station,532,Oasis,2172,Pet Food Express,4615,Sweetgreen,616,Berry Basketball Courts,1283,BoxShop,5750,Apple Tree Children's Center,1892,Apple Tree Preschool,1185,St Ignatius College Preparatory School,9743
104,plaYce,37.80204,-122.438231,San Francisco International Airport (SFO),21075,Powell-Hyde Cable Car Stop North Point,1601,Oasis,3943,Pet Food Express,1774,Greens Restaurant,739,Berry Basketball Courts,4871,BoxShop,9372,Marina Children's Center,608,Chibi Chan Too,2181,St Ignatius College Preparatory School,7856
105,Shattered Reality Interactive,37.783046,-122.394067,San Francisco International Airport (SFO),18488,2nd & King MUNI Metro Station,532,Oasis,2172,Pet Food Express,4615,Sweetgreen,616,Berry Basketball Courts,1283,BoxShop,5750,Apple Tree Children's Center,1892,Apple Tree Preschool,1185,St Ignatius College Preparatory School,9743
106,ngmoco,37.7705096,-122.4015807,San Francisco International Airport (SFO),17132,MUNI Metro Stop - 3rd & Mission Rock,1089,Oasis,1140,Pet Food Express,4355,Sweetgreen,1879,Berry Basketball Courts,356,BoxShop,4692,Apple Tree Children's Center,798,Apple Tree Preschool,781,St Ignatius College Preparatory School,8638
107,Lexy,37.786906,-122.397672,San Francisco International Airport (SFO),18930,Embarcadero MUNI Metro Station,692,Oasis,2220,Pet Food Express,4273,Sweetgreen,93,Berry Basketball Courts,1666,BoxShop,6251,Apple Tree Children's Center,2001,Apple Tree Preschool,1286,St Ignatius College Preparatory School,9639
108,Scavenja,37.780134,-122.396744,San Francisco International Airport (SFO),18174,2nd & King MUNI Metro Station,587,Oasis,1800,Pet Food Express,4428,Sweetgreen,809,Berry Basketball Courts,919,BoxShop,5510,Apple Tree Children's Center,1506,Apple Tree Preschool,818,St Ignatius College Preparatory School,9400
109,eBaum's World,37.786393,-122.3987745,San Francisco International Airport (SFO),18878,Embarcadero MUNI Metro Station,764,Oasis,2113,Pet Food Express,4177,Sweetgreen,97,Berry Basketball Courts,1611,BoxShop,6226,Apple Tree Children's Center,1901,Apple Tree Preschool,1188,St Ignatius College Preparatory School,9527
110,PurePlay,37.775196,-122.419204,San Francisco International Airport (SFO),17831,Van Ness Station,11,Oasis,553,Pet Food Express,2741,Sweetgreen,2249,Berry Basketball Courts,1903,BoxShop,5983,Love & Learn Nursery School,438,Presidio Knolls School,538,St Ignatius College Preparatory School,7371
111,iWin,37.781689,-122.391061,San Francisco International Airport (SFO),18330,2nd & King MUNI Metro Station,266,Oasis,2320,Pet Food Express,4895,Sweetgreen,908,Berry Basketball Courts,1242,BoxShop,5539,Apple Tree Children's Center,2016,Apple Tree Preschool,1344,St Ignatius College Preparatory School,9927
112,Citizen Sports,37.777513,-122.397044,San Francisco International Airport (SFO),17884,2nd & King MUNI Metro Station,643,Oasis,1647,Pet Food Express,4465,Sweetgreen,1092,Berry Basketball Courts,627,BoxShop,5244,Apple Tree Children's Center,1329,Apple Tree Preschool,714,St Ignatius College Preparatory School,9268
113,Kabam,37.3944561,-122.0785314,Norman Y. Mineta San Jose International Airport (SJC),13656,Mountain View Caltrain Station,195,Alberto's Night Club,243,Wag Hotels Redwood City,16333,Sweetgreen,457,Sports House Indoor Sports and Cafe,14262,Facebook Analog Research Laboratory,11759,The Children's Pre-School Center,3650,The Wonder Years Preschool,720,Saint Francis High School,2794
114,Serious Business,37.7893215,-122.4013624,San Francisco International Airport (SFO),19216,Embarcadero MUNI Metro Station,574,Oasis,2245,Pet Food Express,3954,Sweetgreen,331,Berry Basketball Courts,1958,BoxShop,6607,Bright Horizons at 1700 Montgomery Street,1795,Seabird Preschool,1040,St Ignatius College Preparatory School,9478
115,Sutros,37.756922,-122.42087,San Francisco International Airport (SFO),15857,BART - 24th St Mission Station,573,Oasis,1763,Pet Food Express,4058,Beloved Cafe,544,Berry Basketball Courts,2614,BoxShop,4697,Children's Council of San Francisco,1020,Mission Kids Co-Op,327,St Ignatius College Preparatory School,6645
116,stickychicken,37.775196,-122.419204,San Francisco International Airport (SFO),17831,Van Ness Station,11,Oasis,553,Pet Food Express,2741,Sweetgreen,2249,Berry Basketball Courts,1903,BoxShop,5983,Love & Learn Nursery School,438,Presidio Knolls School,538,St Ignatius College Preparatory School,7371
117,One Season,37.775196,-122.419204,San Francisco International Airport (SFO),17831,Van Ness Station,11,Oasis,553,Pet Food Express,2741,Sweetgreen,2249,Berry Basketball Courts,1903,BoxShop,5983,Love & Learn Nursery School,438,Presidio Knolls School,538,St Ignatius College Preparatory School,7371
118,DJ Nitrogen,37.7841737,-122.4494082,San Francisco International Airport (SFO),19395,MUNI Metro Stop - Carl & Stanyan,2100,Oasis,3358,Pet Food Express,449,New Eritrea Restaurant & Bar,2761,Berry Basketball Courts,4722,BoxShop,8543,Marina Children's Center,2424,Chibi Chan Too,334,St Ignatius College Preparatory School,5728
